{"loss": [1.6651005744934082, 1.661191701889038, 1.6594305038452148, 1.6580321788787842, 1.657700777053833, 1.659081220626831, 1.6575379371643066, 1.6558303833007812, 1.656083345413208, 1.6563441753387451, 1.6571135520935059, 1.6571664810180664, 1.6558113098144531, 1.6562306880950928, 1.6550477743148804, 1.6532999277114868, 1.651938557624817, 1.656876802444458, 1.654907464981079, 1.654610276222229], "sparse_categorical_accuracy": [0.1785835325717926, 0.163334459066391, 0.1663842797279358, 0.16740088164806366, 0.16960352659225464, 0.1626567244529724, 0.16621483862400055, 0.17451710999011993, 0.1712978631258011, 0.1697729527950287, 0.15892916917800903, 0.1660454124212265, 0.16689257323741913, 0.1740088164806366, 0.1785835325717926, 0.17451710999011993, 0.1773974895477295, 0.16062352061271667, 0.151982381939888, 0.16587597131729126], "val_loss": [1.6548552513122559, 1.6819499731063843, 1.6279315948486328, 1.7048577070236206, 1.6872408390045166, 1.6455938816070557, 1.7146445512771606, 1.6890640258789062, 1.6516902446746826, 1.714211106300354, 1.6571012735366821, 1.6631650924682617, 1.6801398992538452, 1.6837763786315918, 1.7088631391525269, 1.7340729236602783, 1.6275267601013184, 1.6568963527679443, 1.6661865711212158, 1.6348055601119995], "val_sparse_categorical_accuracy": [0.06956521421670914, 0.07391304522752762, 0.09841897338628769, 0.07193675637245178, 0.072727270424366, 0.09209486097097397, 0.10158102959394455, 0.06956521421670914, 0.07193675637245178, 0.11264821887016296, 0.07549407333135605, 0.0881422907114029, 0.08735177665948868, 0.10355731099843979, 0.08498023450374603, 0.10711462795734406, 0.11106719076633453, 0.06561265140771866, 0.07707510143518448, 0.0992094874382019]}